1;Brus;Lee;ilusha;1111;lee@gmail.com;
2;Evgeniy;Parto;evgeniy_pa;12345;parto@mail.ru;
3;Igor;Berst;igot_be;1231;berst@mail.ru;
4;Olga;Pilat;olga_pi;12312;pilat@mail.ru;
5;Petr;Kvas;petr_kv;412312;kvas@mail.ru;
6;Mariya;Kovaleva;mariya_kov;4ss12312;kovaleva@mail.ru;
7;Kisa;Cat;kisa_cat;4s11ss12312;cat@mail.ru;
8;Alena;Tran;alena_tr;4s11ss12312;tran@mail.ru;
9;Oleg;Burda;oleg_bu;1ass12312;burda@mail.ru;
10;Vasia;Scheben;vasia_sc;1as1s12312;scheben@mail.ru;